text,sentiment
ptn semoga yang retweet dan like lolos sbmptn,positif
soal tps pengetahuan dan pemahaman umum ppu utbk sbmptn pembahasannya besok ya kawa,netral
soal tka utbk sbmptn sosiologi pembahasannya menyusul ya sekarang dikerjain aja dulu,netral
mau bayar ukt atau pendaftaran kuliah tapi gak ada rekening bank mager ke atm dm yuk testi banyak fee terjangkau mbanking bni mandiri cv jasa utbk sbmptn snmptn undip uin jakarta iain tolong uny ub upn ui bayarin trusted unpad titip sbmpn upnvjkt transfer daftar uns,netral
allahuma sholli ala sayyidina muhammad wa ala ali sayyidina muhammad hasbunallah wanikmal wakil lolos utbk sbmptn,positif
pernah kenal yang seperti ini tapi kenyataannya ga lolos univ negri snmptn maupun sbmptn memang lebih banyak pengalaman perlombaan dan dikenal guru karena paling pintar,negatif
dia kan maudy ayunda kalo aku cuma maudy lolosin di sbmptn pil itu aja,netral
ini gue gaada semangat belajar buat mandiri apakah ini pertanda keterima di sbmptn,negatif
bismillah tanggal juni lulus sbmptn bismillah tanggal juni lulus sbmptn bismillah tanggal juni lulus sbmptn bismillah tanggal juni lulus sbmptn bismillah tanggal juni lulus sbmptn bismillah tanggal juni lulus sbmptn,positif
haiii donee makasii yaa udah adain give awayyy semoga kamu lancar pas ngerjain utbk jawaban yg kamu jawab bener sesuai sama yang kamu pelajarin dapet skor utbk tinggi dan lolos sbmptn amin amin aminnn semangat yaa semoga rejeki kamu lancar trus dan dipermudah smuanya,positif
dengan izin allah bismillah tanggal juni lulus sbmptn bismillah tanggal juni lulus sbmptn bismillah tanggal juni lulus sbmptn bismillah tanggal juni lulus sbmptn bismillah tanggal juni lulus sbmptn bismillah tanggal juni lulus sbmptn,positif
no offense but lolos uny jalur sbmptn pilihan satu dan lolos utul ugm actully sucks,negatif
giveaway hai krna aku udh nazar jd aku mau adain ga kecil an buat followers mutual akuuw saldo spay k untk or,netral
aamiin semangat senderr btw utbk juga percobaan keduaku semoga kita sama lolos sbmptn ya,positif
ptn bismillahh aku udah siap lolos sbmptn,positif
dulu cuma modal bimbel online pas jaman aku msh seadanya buat latsol sbmptn tp bener latsol setiap hari dan,netral
ptn disini ada yang daftar sbmptn pariwisata ga,netral
tryout utbk sbmptn ke soal update utbk waktu pengerjaan mei cara pendaftaran follow,netral
kita sama nder tapi gapapa kan kita nti lolos sbmptn pil,positif
gpp deh nangis kuliah di fk undip yg penting lolos sbmptn,netral
tweeting this until gue keterima sbmptn,netral
hi lagi nyari temen buat ambis sbmptn nih terutama yang angkat yang kakak kakak angkatan juga bolehh aiyyo am,netral
allahuma sholli ala sayyidina muhammad wa ala ali sayyidina muhammad hasbunallah wanikmal wakil lolos utbk sbmptn pilihan pertama ub teknik komputer apapun hasilnya telah ku tawakkal kan padamu ya allah,positif
aamiin semoga kakak lolos sbmptn yaa kakak udah keren mau berjuang tahun semangat ya kakk tetep optimiss pasti lolos sbmptn aamiin,positif
huhu sama banget mana rata mandiri pendaftarannya gabisa dicover kip uang pangkalnya pun masya allah banget jadi bismillah lolos sbmptn pil juni aamiin,positif
wkwkwkwkwk lu undangan ya yg susah lulus sih sbmptn ya kwwkwk,positif
semangat untuk utbk nya kak semoga lancar dan lolos sbmptn di ptn yg kakak inginkan semoga kakak sehat selalu rezekinya lancar sukses untuk karir dan pendidikan selalu diberi keberkahan hidup serta kebahagiaan dan dilancarkan segala urusannya aamiin,positif
kumpulan rumus cepat pk thanks yg udaa bagi yaah sumber dari base sbmptn,positif
hallo sender aku juga angkatan dan sama kaya kamu semoga kamu diberi kelancaran ya semoga kamu lolos sbmptn tahun ini semangatt,positif
bismillah ya kak bismillah semoga kakak pas utbk diberi kelancaran dari baru dateng sampe selesai semoga lancarrr dan semoga hasil nya memuaskan ya kak lolos sbmptn di univ yang diinginkan semangat kak,positif
resmi jadi maba itu umur mau ke nder soalnya nanti sbmptn aku lolos,netral
ptn sedang menunggu juni semoga lolos sbmptn dapet selamat dari ltmpt,positif
allahuma sholli ala sayyidina muhammad wa ala ali sayyidina muhammad hasbunallah wanikmal wakil bismillah lolos utbk sbmptn pilihan pertama pendidikan dokter universitas syiah kuala hanya tidak mudah bukan tidak mungkin aku tawakalkan padamu yaa allah,positif
cek thread ini buat tau mate,netral
sya sih umur thn kan tgl juni nanti gw lulus sbmptn thun aamiin ya rabbal alamin,positif
gais kalo boleh tau kalian sambil nunggu pengumuman sbmptn dan jaga kalo amit ga keterima kalian daftar jalur lain ga kayak vokasi ujian tulis politeknik gitu btw sebutin dimana juga yaa tia ptn,netral
ya allah aku butuh kun fayakun mu lancarkanlah segala urusanku mudahkanlah hajatku jadikan sbmptn ini sebagai jalanku,positif
aamiin semoga kita lolos sbmptn di univ yang di pengen,positif
gapapa di pil juga cuma mau lolos sbmptn aja,netral
kamu mungkin daftar kipk melewati batas waky pendaftaran kip untuk sbmptn nder jadi mbayar,netral
ptn tanggal kan gw utbk kan ya tapi skor masih segini itu juga beberapa ada yang ngawur doain aku lolos sbmptn ya guyss semoga kita semua di terima di ptn terbaik menurut versi kita masing aamiin,positif
aamiin nder semangaatt semoga juni nanti kita semua lolos sbmptn di univ impian kita aamiin doain aku juga yaa semoga aku lolos sbmptn di ipb di jurusan agribisnis terimakasiii,positif
gagal snmptn udah gagal juga sbmptn tahun ini,negatif
bismillahirrahmanirrahim allahumma sholli ala muhammad waala ali muhammad semoga kita lulus sbmptn tahun ini ya nder aamiin allahumma aamiin,positif
senderrr semangatt semoga semuanya berjalan dengan lancar dan baik sampe akhir semoga lolos sbmptn tahun ini ya nderr,positif
iya kak makasih buat cambukannya dan sarannya sebisa mungkin saya membiasakan diri untuk tidak kaku bertemu bahasa inggris semoga ketikan kakak bilang saya lulus sbmptn terjadi dan besok ketemu soal bahasa inggria bisa jawab terima kasih,positif
cape cape prepare mandiri eh lolos sbmptn mana dikasinya lolos pilihan satu pula ajsjsj aamiin,netral
bismillah semoga menang aamiin untuk kakaknya semoga diberikan kelancaran saat tes wawancara dan bisa jawab semua pertanyaan dengan santai dan semoga kakak bisa lolos sbmptn tahun ini aamiin semangat ya kaka,positif
aamiin ya rabbal alamiin semoga tahun ini lolos sbmptn ya nderr semoga jalan menuju ptn impianmu tahun ini aamiin,positif
senderr semangat semoha besok lancar dan dimudahkan yaa semoga kita tahun ini diterima di ptn yg diimpikan dan lolos sbmptn aamiin,positif
ya allah tadi gue mimpi keterima sbmptn,positif
bismillah umur jadi maba dan lolos sbmptn tahun ini di pilihan aamiin allahumma aamiin,positif
kita sama nder tapi gapapa kan kita nti lolos sbmptn pil,positif
bismillah lolos sbmptn pil pertama unnes ilmu lingkungan aamiin ya allah,positif
bismillah yok bisa yok lulus utbk sbmptn,positif
lu lulus sbmptn tapi pikiran lu sempit bgt buang jauh nasehat guru tolol lu di sma alasan orang indo bny gk bisa english itu krn nganggep english itu sama kyk math hapal formula masukkan ke sentence selesai nope english itu lebih ke practice harus sesering,negatif
aku baru tau di utbk ada flowchasoalnya dulu gapernah ikut sbmptn,netral
buku sbmptn kelas sma dulu bacanya sambil nangis apalagi aku dulu lintas jurusan,negatif
resmi jadi maba umur th nder soalnya nanti tanggal juni aku lolos sbmptn tahun aamiin ya al,positif
halo berhubung ga lama lagi aku utbk aku mau giveaway saldo k buat orang ya syarat amp doain aku keterima sbmptn pil,netral
tips utbk sbmptn skor to kecil tapi lolos pilihan hal yang tidak boleh dilakukan saat ikut to tipe soal yang pern,netral
mau lulus sbmptn pil tp kalo misal nanti hasilnya engga sesuai ekspektasi ya allah tolong kasi aku keikhlasan dan kelapangan dada yg luasss bgt,netral
i miss my old friends kemarin ketemu pas solat ied kabarnya dia mau ambil sbm dan pilihan univnya sama kaya aku i was spechless that day kek gak nyangka wah semoga dia aku kita berdua sama lulus sbmptn tgl juni nanti trs bisa se kos bareng pls mau bgt,positif
mjb ini ya link nyaa,netral
thn bcs habis ni thl juni aku lolos sbmptn,netral
mau bgt yaallah lancarkan dan loloskan aku di pilihan sbmptn aamiin,positif
kenapa ya gue ngerasa gapunya tujuan hidup sama sekali abis lulus sekolah ini kaya kalo gue gak lolos sbmptn gue gatau harus gimana mati aja kali ya,negatif
gapapa yang penting lolos utbk sbmptn aamiin cape sy gap tahun,netral
udah h gelombang nih semoga yang ujian besok diberikan ketenangan hati dan kemampuan menjawab soal soal dengan benar kita semua pasti lolos sbmptn tahun ini,positif
aaminnnn gue juga males belajar mandiri hari haru ngedrakor fix lulus sbmptn si amiinn,netral
pusing pusing mikir ujian mandiri eh tiba tiba tanggal juni aku lolos sbmptn wadaw aamiin,netral
allahuma sholli ala sayyidina muhammad wa ala ali sayyidina muhammad hasbunallah wanikmal wakil lolos utbk sbmptn pilihan pertama ataupun kedua apapun hasilnya telah ku tawakkal kan padamu ya allah,positif
random anjir gue mimpi lagi ujian sbmptn tiba ada kang paket dateng ke dalem ruangan buat ngasih pesenan paket liquid vape rasa teh melati wkwkwkwkwk,netral
aku bismillah tgl juni lolos sbmptn nanti aku balik lg buat spill caranya,netral
lolos sbmptn,netral
ptn semoga yg retweet lolos sbmptn,positif
haiiiii privat course ku buka beberapa slot lagi niii bisa untuk smp sma all mapel atau hanya beberapa mapel pilihan bahkan bisa fokus sbmptn jugaa boleh tanya tanya dulu di dm siapa cepat dia dapat,netral
siswa smk emang keren mahasiswa bapakku juga mantan siswanya di smk tapi kelemahannya mereka susah nyoba univ negeri yang kaporit kenapa karena mereka gk belajar biologi kimia atau yg lainnya padahal sbmptn harus belajar semua alasan msk sipil karna mereka juga,netral
selamat anda lolos sbmptn bissmillah diberi kabar baik di juni nanti aamiin ya allah,positif
gap year ga kuliah ya bebas mau ngapain bisa belajar buat sbmptn di tahun selanjutnya cari kerja patime bantu ortu ngelakuin hobi dsb tp kl kamu gap year utk kejar ptn saranku prioritasin belajarnya bisa dgn ikut bimbel dan banyakin latsol,netral
manifesting lulus sbmptn aamiin,netral
hai kamuu semoga lancar ya tes wawancara nya dan bisa lolos poltekkes sama sbmptn tahun ini,positif
nih tgl juni nanti aku lolos sbmptn,netral
wihhh halooo mutualan yuuukk seneng banget ketemu banyak pejuang kampus merah bismillah tahun kita sama kuliah di unhas jalur sbmptn aamiin,netral
pertengahan gk lulus sbmptn x dan gapyear tahun amp gk lulus pns x gk punya pekerjaan tetap nganggur plan s gajadi,negatif
mungkin gak lolos sbmptn,negatif
aamiin ya allah semoga kita sama lolos sbmptn yaa sender,netral
w sekolah sma negeri tapi kagak bimbel itu kuis guru gue banyak masuk di soal sbmptn tiap hari overthinking ini soalnya yg susah apa gue yg membego setelah masuk situ tebak sekolah,negatif
ya allah luluskan sbmptn hamba si uns amiin allahumma amiin,positif
bismillah bismillah semangatt bismillah lolos sbmptn,positif
ada yang mau soal sbmptn asli dari tahun ga yaa,netral
bismillah siappp lolos sbmptn,netral
aamiin semoga dilancarkan semua kegiatan kakak tes wawancara dan lolos sbmptn ya kak semangat terus kak apapun hasilnya itu udah hasil terbaik dari usaha kakak,positif
sama niat belajar mandiri biar siap kalau ga lolos eh rasanya malah ga semangat fix ini gw lolos sbmptn,netral
aamiin semoga rezekinya di sbmptn ya nderr kamu keren bgt udah berani mencoba,positif
menurut ku youtube ini wajib banget di subscribe karena berguna banget buat kalian para pelajar untuk ujian sekolah be,netral
semoga kak bile di lancarkan tes wawancara nya semoga keterima di poltekkes amp lolos sbmptn tahun ini aamiin,positif
allahuma sholli ala sayyidina muhammad wa ala ali sayyidina muhammad hasbunallah wanikmal wakil lolos utbk sbmptn pilihan kedua ugm politik dan pemerintahan apapun hasilnya telah ku tawakkal kan padamu ya allah,positif
selamat anda dinyatakan lulus utbk sbmptn singkat padat bikin seneng dan aku mauuuuuu banget,positif
semalem mimpi lolos sbmptn dan itu kayak nyata semoga jd nyata aamiin,positif
sbmptn,netral
day bismillah lolos sbmptn manajemen ui aamiin,positif
pengguna ini lolos sbmptn,positif
bismillah yg ikut sbmptn tahun ini lolos semua aamiin,positif
ptn sender bingung nanti pas utul ugm pilih jurusan nya kayak sbmptn jurusan impian atau mending pilih yang sesuai kemampuan misal passing grade nya agak dibawah gitu plis butuh saran btw kuota utul ugm itu besar ya,netral
bismillahirrahmanirrahim yang jadi takdirku tidak akan melewatkanku ya allah pgn jadi maba tahun ini lewat sbmptn,positif
kalo aku dapet hukum ui sbmptn aku mau giveaway akun pahamify yang masi banyak bgt slot tonya doain yah,negatif
pelaksanaan utbk sbmptn jadwal kedua harus diperketat agar tidak ada lagi kecurangan terbongkar ini modus kecurangan peserta utbk sbmptn di unj,netral
gaketerima sbmptn bukan berarti mati kok,netral
mjb buat yg daftar sbmpn polinema abis bayar uang pendaftaran tahap selanjutnya apa aja ya cuma isi data atau ada kirim kirim berkas aku niatnya mau bayar uang pendaftaran abis pengumuman sbmptn kira kira utk lanjut ke tahap selanjutnya sempat gak ya,netral
ya allah alhamdulillah tadi aku ngerjain soal utbk bisa semua gaada yang ngasal samsek bismillah skor utbk an lolo,positif
praying circle lolos,netral
ptn maudy ayunda diem diem aja tiba nikah aku diem diem aja lolos sbmptn aamiin,netral
ptn ini mah bau bau kita keterima sbmptn coy,netral
dreamies tadi pagi chenle ikut sbmptn ya,netral
resmi jadi maba umur th nder soalnya nanti tanggal juni aku lolos sbmptn tahun aamiin ya allah,positif
well jujur berharap gua diterima sbmptn nanti gua beneran udah capek sama pelajaran terus gua berharap yang dulunya deket trs skrng menjauh jdi deket lagi,netral
keterima sbmptn pilihan pertamaa aamiin,netral
klo udh lulus sbmptn trs daftr nya pake kip itu kip nya blm tntu lolos,netral
tapi puji tuhan gue masih dikasih tuhan kesempatan buat masuk salah satu universitas terbaik di indonesia lewat jalur ujian sbmptn kala itu kalau dilihat dari sekolah mungkin mustahil tapi balik lagi sih kita mau berusaha untuk bangkit atau engga,positif
kalo sbmptn sama mandiri gak ada larangan apa apa sih jadi lu bisa milih yang mana yang lebih oke gue kemaren sebenernya juga masih bisa ikut simak cuma mager aje,positif
terus habis sbmptn buka pendaftaran lagi gak,netral
lulus sbmptn who,netral
kemaren yang top sih kayak sim k pendaftaran nya ditutup sebelum pengumuman sbmptn wkwkwk,netral
hi kakk semangat ya test wawancaranyaaa semoga berjalan lancar dan bisa lolos sbmptn thn inii,positif
ujian mandiri juga begini deadline pendaftaran lebih duluan dibandingin sama pengumuman sbmptn kata gue aneh mau cari untung kali ya,netral
udah masuk lewat snmptn atau sbmptn belom pasti dapet ukt murah juga apalagi anak pns alamat dapat ukt golongan atas hahahaha,netral
pengalaman seorang lulusan angkatan ikut snmptn sbmptn simak ui um undip sm uns sema upnvj sbmptr unej ga lulus,negatif
tapi kalau masuk ptn ga dari snmptn atau sbmptn sama aja lumayan juga keterima mandiri institut yang di surabaya pas dulu aku daftar kayanya udah juta belom uktnya ya kan kebanyakan kalau masuk mandiri langsung di tembak ukt paling tinggi,netral
ati ati ye bedoe pengumuman sbmptn minta warne ijau itu tu isinye jangan menyerah dan putus asa bukan selamat kamu lolos pls lah,netral
beberapa hari ini tiba tiba pusink trs apakah ini pertanda akan lolos utbk sbmptn pilihan aamiin ya rabbal alamin,positif
resmi jadi maba umur th nder soalnya nanti tanggal juni aku lolos sbmptn tahun aamiin ya allah,netral
sebelum sbmptn maen ps dulu,netral
jago banget bestie aku nyembunyiin doujin homonya di dalem buku sbmptn lamanya yg tebel itu,netral
ptn hallooo temen temen kalian ada yang mau nitip do a gak aku mau ngedo a supaya kita dikasih ridho buat lolos utbk sbmptn tahun ini kalo ada yang mau rep ajaa nanti aku dm,netral
i feel u nder ga bisa ngejar materi karena tugas banyak banget semoga kamu dan aku tetep bisa lolos sbmptn di ptn impian yaa yuk positive thinking ajaa kalau kebanyakan overthinking nanti malah makin bikin kamu ga konsen belajar,netral
td pagi mimpi ga keterima sbmptn ampe nangis semoga aja ga kejadian beneran yaallah,netral
bikin sendiri nggeh,netral
aku lagi belajar va buat sbmptn,netral
aamiin juni aku lolos sbmptn pilihan pertama unair kesmas,positif
ga kebayang mungkin gua masih ngomong nggih ndoro hari ini amp ga bisa twitteran dikamar sambil rebahan dgn ac boro boro mikir buat ikut sbmptn mungkin sma aja ga bakal gua tamatin pokonya makasih bgt buat org yg berusaha buat merdekain indo alfatihah,negatif
hehe can t agree more gua jebolan sma negeri waktu sbmptn sama sekali gak bisa ngerjain matdas karena gak pernah la,negatif
gue lagi mikirin lolos sbmptn,positif
lolos sbmptn pil ato ga lolos utul ugm meskipun terdengar mustahil lolos semua mandiri ptn yg ak daftarin mas lolos interview ibu bapak panjang umur,positif
aamiin allahumma aamiin manifesting juni lolos sbmptn ltmpt pilihan satu,positif
hari ini stress nungguin pengumuman sbmptn gapapa aku lolos kok kak aamiin,positif
buat yang abis sbmptn,netral
ini ya link nyaa,netral
susah bgt kaya sbmptn,negatif
rangkuman sbmptn kimia stoikiometri,netral
gak ada niat ikutt mandiri soalnya selamat anda dinyatakan lolos sbmptn sudah menyapa dari kejauhan,positif
catatan utbk sbmptn tps ppu,netral
gak bisa tidur kepikiran pengumuman sbmptn,netral
coba tebak pindah dari korean university ke university lainnya lewat jalur apa kayanya lewat jalur sbmptn,netral
saatnya praying circle lolos sbmptn,positif
pernah juga pas mau sbmptn tiap pagi dia datang ke rumah nganter sarapan selama bulan tiap pagi beneran datang dan ngajarin aku fisika karena aku bodoh banget masalah fisika,netral
jey lolos sbmptn aamiin,positif
sebimbang itu mau nyoba mandiri atau nggak mau nyoba utul tapi jauh bgttt kalo harus tes ke yogya tapi pengen tapi takut juga ngerasa takut karena sbmptn udah bikin mentalku terkuras banyak pa kabar klo utul juga ikut ikutan bikin ovt,negatif
jey lolos sbmptn aamiin,positif
sama sih pertanda aku bakal keterima sbmptn bulan depan,positif
dulu wkt buka pengumuman dan ternyata diterima itb senengnya minta ampun snang brutal pas dikasih baju or yg pdhl b aja itu,positif
kwkwk simak ui utul ugm um undip um uns pmdk undip jalur rapor umm jalur rapor uad tapi semua zonk malah ketrima sbmptn cobain aja bro kalo gak dicobain kita gak pernah tau,positif
kuota jalur masuk ui kuota s reguler dari jalur simak sebanyak lebih banyak dibandingkan jalur snmptn ata,netral
kumpulan soal tps utbk sbmptn kumpulan soal tps utbk sbmptn kumpulan soal tps utbk sbmptn kumpulan soal tps utbk sbmptn,netral
doa doa dahsyat menuju pengumuman snmptn dan persiapan utbk sbmptn a thread,netral
smoga kita berdua lolos sbmptn yh bismillah tdk perlu lg daftar test mandiri simpan uangmu utk gacha,positif
oke coba lagi hai nama aku dimas rizki fadillah panggil aju fasill yaaa aku sekarang tinggal di kaeawang aku kelas skrg mau luluss yeayyyy eoain aky ya temen remenn smoga aku hisa lolos sbmptn kali inii,positif
temen gue paralel satu lolos sbmptn di univ top tapi ngga diambil karena masalah biaya sekarang ikut tantenya ngga tau kerja apa gue juga ngga berani nanya sedangkan teman gue di kelas biasa aja tapi bisa masuk fk swasta terbaik di kota gue karena finansialnya oke,netral
benarr sekali sy mwu lolos sbmptn mau jd maba tahun ini,positif 
kamu ambis bgt ayo ajak aku menjadi ambis jg goodluck yaa semoga kita lolos sbmptn,positif
ngomongin soal sekolah dr tk kuliah aku konsisten di negri smp amp sma masuknya pake nem kuliahnya ketrima jalur sbmptn aku termasuk bocah yg ikut pawai kelulusan lengkap dgn atribut baju osis coret pilox marker pernah pacaran sama anak sma swasta aku berasa rakyat jelata,netral
catatan materi utbk sbmptn ekonomi konsep dasar ilmu ekonomi,netral
hii izin ikutan yh done yh aku kayaknya telat banget buat kasih kata semangat buat utbk kamu tapi semangat yh buat sbmptn nya semoga kamu bisa lolos pilihan pasti kamu bisa jadi maba di tgl juni nanti di univ pilihan kamu jangan lupa kuatin doanya pasti kamu lolos,positif
gue bisa tembus sbmptn padahal gap year tuh cuma bermodalkan zenius trs nongkrong di jco dari siang ampe malem wkwk gara gara zenius gue bisa lolos it s sad semoga cepet pulih,positif
itu isinya mikirin pengumuman sbmptn gue,netral
gilaaa caroline keren bgt dia g keterima snmptn sbmptn gap year tahun terus ngejar mimpinya kuliah di luar ngerantau dapet beasiswa punya mimpi kerja di perusahaan animasi dunia ketemu jodoh yg luar biasa ya allah keren bgt masya allah,positif
waktu itu ak ikut virtual day sbmptn ui katanya yg ga milih ui pas sbm jg boleh daftar simak gapapa itu terserah aaj,netral
takut g lolos sbmptn gk lolos mandiri huaaaa cukup tuhan cukup kali penolakan ajaa aku gk sanggup kalo nambah lagii,negatif
wkwkkw dulu pas zaman mau kuliah ajaa bnr bnr caranya cuma lewat sbmptn karena gamau ortu ngeluarin sepeser pun duit buat tuiton fee di swastaa,negatif
ak cmn mau lolos sbmptn pil,netral
ya tuhan mau keterima sbmptn tahun ini di unpad,positif
kalo kamu islam baca ini allah bikin seluruh isi alam semesta ini aja bisa apalagi cuman ngelolos in kamu di jal,positif
inii nemu di rep orang,netral
kumpulan pdf untuk utbk amp ujian mandiri a thread pbm ka fauzan sbmptn utbk amp ujian mandiri,netral
pengajian kak biar esa keterima sbmptn pilihan pertama,netral
ptn terkadang yakin bisa lolos sbmptn tapi ya kadang takut ga lolos,netral
pengumuman sbmptn tanggal juni nanti kaya gini aamiin from this,netral
kebetulan pilihan sama pilihan pas gue apply buat sbmptn itu masih sama sama satu fakultas,netral
rangkuman tenses dan rumus passive voice tenses adalah tata bahasa sedangkan passive voice adalah kalimat pasif d,netral
belajar logaritma dengan catatan di clear utbk logaritma,netral
kumpulan rumus rumus matematika turunan nih ada contoh soalnya jg loh,netral
gue emang sudah rada pasrah sama pilihan sbmptn gue dan gue sempet tanya ke bunda apa gapapa kalau aku keterima di pilihan jawabannya gapapa asal gue mau jalani dengan sepenuh hati dan gak setengah setengah selain itu gue juga pengen kuliah tahun ini,negatif
hiiii karena sebentar lagi aku mau utbk sekalian buang sial aku mau ngadain welkin giveaway untuk orang d rules ina,netral
anying targetna ge tahun ke depan dari tahun kemarinteh konsisten asup besar jol ditargetkeun juara ucl wae tahun hareup ajig antik pisan ibarat budak budak sd nu karak lulus langsung dititah les jang sbmptn,negatif
ngomong bimbel ya ini bener sih tahun gue belajar ipa bulan gue ambil bimbel exclusive buat sbmptn ngejar pelajaran ips terus keterima deh tuh di ptn gue ga paham ttg sekolah negeri bagus apa ga selama ini sekolah swasta mulu cuma pengen belain bimbel aja,netral
semangat uyi semoga lancar utbknya dan bisa lolos sbmptn pilihan pertama aminn,positif
kalau gak checkout atau minta maaf nanti gak berkah loh hayoloh kalau masih pelajar nanti gak lulus sbmptn gimana gara gara saya dongkol kalau sudah kuliah gak lulus skripsi gimana kalau sudah kerja nanti kena phk gimana pilihan kamu cuman co minta maaf ya,negatif
semoga gue bisa lulus sbmptn tahun ini mau kuliah tahun ini juga,positif
done all rules wish me luck semoga lancar ya kak tes wawancaranya semoga keterima dipoltekkes dan lolos sbmptn tahun ini aamiin semangat kakk kamu pasti bisa,positif
with alllll these hardworks gw harus lulus sbmptn,positif
tergantung mau jalur apa kalau jalur snmptn mungkin kuota sma negeri lebih banyak walau swasta juga bisa masuk tapi kalau utbk sbmptn murni nilai ujian kok saya guru bimbel sma btw,netral
akutu jalur sbmptn tp dengan kapasitas otak yang tidak mencukupi plis dan dengan luck yang kebetulan sedang tinggi,netral
doa dan amalan satu malam sebelum utbk sbmptn a t h r e a d,netral
semoga sponsor bisa lulus sbmptn di pilihan pertamanya aminnnn,positif
aku pas sbmptn jg gituu pulangnya diajak mama makan mie ayam enaakk bgttt plsss sambil ngelupain soal yg tdi dikerjain wkwkwkwk,netral
semoga kita lolos sbmptn pilihan pertama,positif
utbk tu maksudnya test sbmptn ya baru tau dari kemaren pada ngeluh krna bentar lagi utbk eh ternyata itu toh maksudnya semangat adik adik do your best and let god do the rest,positif
semoga hasil sbmptn tahun ini biru di pilihan pertama aamiinn,positif
kalo dari temen smp swasta katolik gue banyak yang ga berminat dan lebih milih swasta katolik kristen lagi karena lingkungannya udah pasti ga jauh beda tapi ada juga yg emang karena gagal sbmptn,negatif
takut bgt kalo sbmptn dapet merah lagi sumpah bener bener frustasi sih nunggu pengumuman sbmptn,negatif
soal tps pengetahuan dan pemahaman umum utbk sbmptn pembahasannya besok ya kawan sekarang dikerjain aja du,netral
hehe can t agree more gua jebolan sma negeri waktu sbmptn sama sekali gak bisa ngerjain matdas karena gak pernah latihan soal boro boro inget materi sekolah sbmptn subscribe zenius ikut bimbel offline buat to matdas bisa konsisten ngerjain soal,negatif
tl isinya sbmptn mulu,netral
zoom bahas mtk saintek hari tanggal rabu maret waktu wib durasi menit kapasitas orang,netral
aamiin mohon doanya yaa kak biar aku bisa lolos sbmptn tahun ini,positif
no offense but keterima undip adbis di sbmptn actually sucks,negatif 
ptn kayanya angkatan bakalan banyak yg lulus sbmptn nih,positif
ptn tinggikanlah skorku agar lulus sbmptn ya rabb,positif
ya allah semoga tahun ini aku lolos sbmptn aamiin,positif
zael amp tif lolos sbmptn,netral
can relate sejak smp diwanti ortu biar kuliah ptn swasta mahal soalnya hahahha mau ga mau sma ambil negeri favorit namun sblmnya bilang ke ortu aku mau bimbel ga bisa nembus ptn kalau ga bimbel keknya buk biaya bimbel smt intensif sbmptn gt kuliah smt wkkw,netral
ya allah lolos sbmptn di pilihan pertama aja udah seneng banget pasti ortuku,positif
halo kak semangat ya semoga lancar dan kaka bisa lolos sbmptn nya keren banget kaka bisa ikut sbmptn semoga kaka diterima diuniv impian kaka dan lolos dengan mudah aamiin anw terimakasih untuk ga nya wish me luck,positif
ptn minta doanya mata sender cepet sembuh soalnya sender sabtu utbk takut nggk kuat melek buat natap layar terima kasih yg doain semoga saya dan kalian lolos sbmptn pil,netral
papa bilang kamu mau daftar mandiri mana terserah yg sreg sama kamu mama sama papa dukung kok kalo bisa daftarnya jgn satu ya buat jaga tapi akunya yg gaenak paaa takut ga keterima malah matahin ekspetasi mama papa dan ngabisin duit semoga besok sbmptn aku lolos aamiiiin,positif
tips tips dan gdrive utbk sbmptn,netral
aku udah semi gap year terus pengen ikutan sbmptn tapi belajar nya gak serius cape banget pengen nyerah aja,negatif
hm ysdh tetap semangat yh semoga lolos sbmptn buar gakk pusing,positif
double major bisa lewat sbmptn,netral
gue pasrah ajalah semoga diberikan yang terbaik misalnya lolos sbmptn tahun ini aamiin,positif
lulus sbmptn pilihan,netral
hai kak izin ikutan giveaway nya ya sebelumnya terimakasih banyak buat kakak yg udah baik banget mau berbagi semoga utbk kamu dilancarkan sampai akhir semoga lolos sbmptn dan ptn pilihanmu ya aamiin banyak banyak,positif
di ulang tahun kali ini saya cuma minta dilulusin sbmptn pilihan ya allah terus dilancarin kuliahnya biar ga nyusahin orangtua,positif
sepengalaman aku ikut thn ya ngga jauh dari soal sbmptn ya tapi menurutku lebih mudah soal um dari sbmptn dan kalau um di uin jakarta ada test b arabnya,netral
gue sumpahin yang retweet dan like lolos sbmptn pilihan pertama arief muhammad jessica mila ozil selingkuh after s,netral
harus lolos sbmptn ini mah udah sering ngebebanin ortu jangan sampe lanjut terus,positif
uyiii semofa kita sama lolos sbmptn dan semoga utbk kamu lancar yaaa semoga lolos dipilihan pertamaa aamiin allahumma aamiin,positif
semoga hokiku ada di sbmptn maupun mandiri lolos dan bisa bawa pulang kazuha freedom sworn karena dah bulan lebih ga merasakan apa itu hoki,netral
baru kali ini ngegame gw berharap cepet cepet selesai sangking tertekannya liat soal berasa sbmptn,negatif
no offense but kuliah di tahun di ptn pilihan jalur sbmptn actually sucks,negatif
jadi inget dulu sebelum utbk ikut trend pake poto lilin nct buat bikin wish keterima lewat jalur sbmptn eh jadi keterima beneran,positif
sama besti iya kita lolos sbmptn tgl juni tahun ini,positif
selamat pagi para pejuang sbmptn,netral
oke rencana allah ga ada yang tau tau tau nya setelah ini lulus sbmptn aamiin,positif
yaudah gapapa kpn mampir sebagai gantinya keterima sbmptn aja wess,positif
maudy this maudy that aku cuma maudy lolosin sbmptn pil yaallah,netral
sama besti ku lolos sbmptn pilihan pertama malah ma temen temen ku juga kita keren ye kan,positif
aku salah satu orang yang gak lolos snmptn sbmptn x mandiri tahun kemaren awalnya aku sedih banget gak bisa kuliah kayak temen temen seangkatan ku lainnya seiring berjalannya waktu aku pun sadar kalo gapyear gak sepenuhnya buruk kok dengan gapyear aku bisa ngebantu ortu,netral
no offense but diterima pilihan jalur sbmptn actually sucks,negatif
bismillahirrahmanirrahim semoga diberikan nikmat kesehatan keberkahan rezeki umur yg bermanfaat serta diberikan kemudahan dalam segala urusannya terutama untuk tes wawancaranya lancar dan mendapatkan hasil yg terbaik yaitu lolos sbmptn dan diterima di poltekkes aamiin,positif
persebaran soal utbk di sbmptn soshum edition,netral
inget bgt di sma pernah sesumbar ke salah satu temen yg rajin to juga wah kalo to gua bisa segini milih stei aja dah nanti di sbmptn wkwkwk alhamdulillah kejadian,positif
hahaha iyaaa terima kasih aamiin yaa allah semoga kamu juga lulus sbmptn ya aamiin,positif
nanyain univ pertanyaan terakhir yg ga dijawab soalnya bikin ovt trus mau jwabnya v do ain aku moga lulus sbmptn taun ini hhu,netral
hahaha iyaaa aamiin yaa allah semoga kamu juga lulus sbmptn ya aamiin,positif
alhamdulillahhh naufalll congrats yaaa udah berhasilll melalui utbk aamiinnnn semoga loloosss sbmptn pil berarti skrg tinggal penantian panjanggg nih sampe juni nanti kabar in hasilnya yaa fal,positif
selamat anda dinyatakan lulus seleksi sbmptn bismillah kabar baik tgl juni allahumma sholli ala sayyidina muhammad,positif
ngapain curang woi ada saatnya nanti bakal masuk ptn klo emg jalannya aku dulu sbmptn pgn msk unair gagal wkwk,negatif
doain aku lolos sbmptn pilihan pertama ya kedokteran ub aamiin doa kembali ke kamu makasiii,positif
like you by tatiana manaois my friend give me this song pas gue ditolak sbmptn dua tahun yang lalu dan sekarang kira udah lost contact tapi masih sering gue dengerin apalagi kalau lagi kangen soalnya ga punya kenangan apa apa lagi selain lagu ini d,netral
h pengumuman sbmptn halo calon mahasiswa indonesia kami mengucapkan selamat kepada siswa dan alumni yang telah,netral
samaa bismillah ray kita lolos sbmptn pilihan pertama,positif
abis nonton kkn di desa penari dulu pas baca threadnya jaman nunggu hasil sbmptn eh skrg nonton pas bgt mau kkn time flieeees,netral
manifesting lolos sbmptn tahun ini pleaseeee banyak hal yang mau aku lakuin lagiiiii,positif
yaallah pengen banget lolos sbmptn,positif
yah pada akhirnya yang membuktikan adalah ketika bisa lulus sbmptn itu mau dibilang susah enggaknya tergantung siapa yang menjalani kalau rajin latihan soal sih pasti gak akan ada masalah,netral
selamat menempuh utbk sbmptn mimin denger denger banyak nih teman teman yang sedang berjuang mengikuti utbk,netral
iyaa nderr baru tau gw lolos sbmptn pil ketinggalan bet smh,netral
pakai juga kode diskon kembalisekolah untuk mendapatkan diskon tambahan dari kode diskon ya syarat dan ketentuan berlaku,netral
bukannya kalau swasta masih ada gelombang gt ya setelah sbmptn selesai,netral
emang gak perlu wkwkw seenggaknya bisa lulus sbmptn aja sih kalau di ln gak ada tuh ujian sbmptn cukup nilai sertifikat bahasa asing sama paling banter nambah wa motivation letter,positif
belajar santai ala kpopers lintas jurusan tapi bisa lulus sbmptn trik nembak soal mayan gua kmren nembak soal dpt nil,netral
bismillah ya allah tanggal juni garini lituhayu bisa lulus seleksi sbmptn aamiin allahumma aamiin,positif
sama kak ray semoga keterima sbmptn aamiin ya allah,positif
gua ultah juni gaminta apa cuma minta doanyaa lulus sbmptn pil aamiinn,positif
ya allah semoga aku lolos sbmptn tahun ini ya allah,positif
lulus sbmptn,netral
bukan ngandelin sih sebenernya tapi lebih ke berharap aja bisa lolos utbk sbmptn ehehehe,positif
gaada cuma remaja jompo ini sangat pegal ketika duduk jam lebih dikursi yang tidak begitu empuk semoga kepegalan ini terbalas lolosnya sbmptn,netral
pliss hoki seumur hidup gw kepake buat utbk sbmptn kali ini aja gpp terutama buat pk minimal tembus lah semoga kesialan kali beruntun ilang,netral
halo lele eyyo kita jarang bgt jbjb bahkan kayanya ga pernah semoga kamu lolos sbmptn ya tentunya di ptn prodi yang km impikan semangat,positif
mjb ini ya link nyaa,netral
sbmptn yaa utbk itu,netral
ya emang sbmptn ga sih,netral
semoga sponsor bisa lulus sbmptn di pilihan pertamanya aamiin,positif
bismillah lulus sbmptn aamiin,positif
eyyo fan udh ah jgn galau mulu napa diliat tweetnya galau terus semoga lolos sbmptn ya fan pokoknya semoga hal baik selalu sm km,positif
temen ku juga ada sama bgt kek gini ga habis pikir padhl tiap weekend sama pacarnya jalan nonton bioskop mulu hedon bgt sama temen temennya eh pas dia daftar sbmptn ko pke kipk,negatif
utbk itu kek sbmptn ga sih,netral
such a shame if this true zenius played major role on my life waktu masih pejuang sbmptn linjur dulu pas ambil hukum kalo gaada zenius ga kebayang hidup gw gimana sekarang,netral
giveaway idr rep doa semoga sponsor bisa lulus sbmptn di pilihan pertamanya aminnnn end hours good luck,netral
eyyo bro kal duh si yg banyak fansnya ahaha keren bgt orgnya aaaa semoga lolos sbmptn ya kal tahun ini kita harus lolos brg okey jaga kesehatan juga okay,positif
ternyata masih ada yg mikir masuk swasta krn ga keterima negeri bro coba ke ursulin solo deh sma nya jangankan ketolak banyak yg daftar sbmptn aja enggak lgsg atmajaya binus uph luar negeri pdhl potensi mereka mantep kumon dr kecil inten fasilitas yg mumpuni,netral
mal halo duh si baik ini mah si keren jg semoga lolos sbmptn ya mal aku doain dari sini xixi ttep jaga kesehatan okay semangat,positif
dulu aku namanya umpn sama gak ya kalo iya mapelnya sama kok sama sbmptn nama utbk dulu cuma difficulty nya jauh lebih gampang poltek,positif
aliyah hai kita jarang jbjb ya skrg aliyah semoga bisa lolos sbmptn ya duh ga sabar bgt pengen ngucapin aaa jaga kesehatan jangan lupa okey,positif
lili hai ya ampun syg bgt sama lili baik bgt orgnya hihi moga lolos sbmptn ya tentunya di fk ptn yang kamu mau li semangat terus jangan lupa jaga kesehatan okay,positif
aamiin semoga aku dan kita semua lolos pilihan sbmptn,positif
mau nanya pengumuman sbmptn kapan,netral
ya allah merinding sumpah semoga kamu keterima fk ui lewat sbmptn tahun ini aamiin,positif
belom orang ketrima sbmptn,netral
di simak baik yaa gaisss,netral
pilihan juga gapapa deh bismillah manifesting lolos sbmptn,positif
soon tau alamat rumah lengkap ya dimana ya gua semoga lu lulus di utbk di pil aja deh tapi gua ga tau pilihan lu di snmptn apa masih sama ntar di sbmptn kalau masih sama gua doain lu lulus di pil aja deh wkwk,positif
ini cara buka pengumuman sbmptn cuii,netral
semoga lulus sbmptn,positif
ptn semoga kamu dan aku lolos sbmptn pil ya aamiin aamiin ya allah,positif
ptn kalo keterima poltekkes tapi pengen ikut sbmptn mandiri dan nunggu hasilnya gmn yaa ukt nya harus lgsg bayar kah yg poltekkes,netral
haiiiiii privat course ku buka beberapa slot lagi niii bisa untuk smp sma all mapel atau hanya beberapa mapel pilihan bahkan bisa fokus sbmptn jugaa boleh tanya tanya dulu di dm siapa cepat dia dapat,netral
sindikasi percaloan sbmptn unhas makin canggih metal detector sekadar formalitas belaka,negatif
kisah hidupku paling ekstrem selalu direndahin guru guru tahun dan selalu dianggap jelek tapi berhasil lolos sbmptn simple skali,positif
asliii astagfirullah ngeliat lu tuhh kayaakk ngeliaat hasil pengumuman sbmptn pengen cepet cepet aku tunjukin ke mamaaah,netral
aah thaliaaaa bikin berkaca kaca terima kasih banyakk supponyaa thal masih ada waktu belajar pasti bisaa buat thaliaa semangat berdoaanyaa dan semoga lolos sbmptn tahun inii bisa bisa bisa,positif
selain pengen lolos sbmptn gue juga kepengen kebagian md mirror jaehyun yatuhann,positif
aamiin semoga bila keterima di poltekkes sama lolos sbmptn tahun ini,positif
akuu karna aku lulus sbmptn,positif
soal tps penalaran umum pu utbk sbmptn tolong bantu retweet dan like ya tia lt,netral
sebenernya gak juga sman tu cuma memperbesar peluang masuk lewat snmptn yang kuotanya jg gak gede bgt jalur yang nerima paling banyak mahasiswa tu sbmptn bisa gt mhs baru jadi kalo emg pengen negeri top yg paling penting punya kemampuan yg oke si,netral
sayang banget gw mungkin salah satu dari sekian banyak org yg bisa lolos sbmptn dan ngerasain kuliah di ptn berkat zenius circa gw berjuang tiap malem pulang kerja buka laptop dan belajar dari paket bulannya zenius sampe jam pagi paginya lanjut kerja good old days,negatif
deg degan kiyeu siga ngadagoan pengumuman sbmptn,netral
ini ya link nyaa,netral
haii berhubung aku udah ga pakai buku ini lagi dan sayang juga kalau kebuang jadi kalau ada yang mau bisa langsung dm aku,netral
abis utbk pen makan seblak nonton the sound of magic ke museum nasional abis utbk tentu saja lolos sbmptn pilihan aamiin,positif
universitas terbaik adalah yang terima gw tahun ini di sbmptn,netral
selain itu ada jg pendaftaran ujian mandiri yg dibuka sblm pengumuman sbmptn i am proud that i was brave enough last year to wait until the announcement day without any safety nest either private uni or ujian mandiri,netral
aamiin good luck nay semoga aku dan kamu lolos sbmptn,positif
haii berhubung aku udah ga pakai buku ini lagi dan sayang juga kalau kebuang jadi kalau ada yang mau bisa langsung dm aku yaa bukunya gratis kokk nanti kalian tinggal bayar ongkirny aja okk ini ada buku the king tps amp drilling utbk dan buku sbmptn,netral
ku gap year ngapain aja awal agustus ikut pelatihan ui ux design gratis seminggu bulan september sampai dec keterima pelatihan multimedia design gratis des sampai jan magang sisanya belajar buat utbk sekarang pengangguran semoga keterima sbmptn,netral
pengumuman sbmptn cabang queendom,netral
tidak mendaftar univ swasta karena pede sbmptn at least nyangkut di pilihan terakhir and booooom gap year,netral
ya allah luluskan lah hamba mu ini di sbmptn ya allah hamba terserah mau di luluskan kemana mau di pil atau pil oke hamba terima ya allah,positif
sepertinya untuk kasus sbmptn bijaknya dilaksanakan offline aja dan serentak bentuk antisipasi kebocoran soal,netral
ga bakal nder aku kan lolos sbmptn insyaallah aamiin,positif
me in hampir harus kebayar uang muka pertama ratusan juta tp untung hasil sbmptn h seminggu sebelum deadline pembayaran,netral
iyaaaaa bener aku lolos sbmptn pil,positif
semangat bilee semoga lancar tes wawancaranya dan bisa keterima di poltekkes amp lolos sbmptn tahun ini,positif
cuma bisa berharap sambil berdoa semoga allah kasih aku hasil yg sesuai dengan apa yg aku harapkan yaitu lolos sbmptn,positif
aaa terimakasih banyak kak first time ke pick di kakak gt lt terimakasih untuk sponsor juga semoga lulus sbmptn tahun ini dan terimakasih juga untuk admin semoga semuanya diberi banyak kebaikan,netral
wts want to sell wangsit platinum tps buat adik adik dst yang pengen curi staduluan bisa beli buku preloved buat coba latsol dulu sebelum beli buku terbarunya nanti price ribu bisa via tag jual sbmptn utbk saintek soshum wtb want to buy,netral
mootsku atau bukan aku minta doanya yaaa tanggal mei aku mau utbk semoga aku bisa ngerjainnya dan juga lolos sbmptn amiinn makasiihhh semuaaa i love you,positif
yaallah pengen lulus sbmptn aja yaallah t t,positif
jadi adik sy dan pcarnya lulus sbmptn di unsri tahun mmg sy gapunya keluarga disana tp ada temen satu sma dlu kuliah disana sy nanya soal akomodasi dn kost u adik saha dn pacarnya dia langsung cariin kost dan bahkan akomodasi adik sy dr bandara,positif
aah laa bikin nangis bisa banget ya kamu terima kasih lalaku lala udah utbk laa aamin semoga aku bisaa lancar ngerjain utbknya kalo lala belom utbk semangat belajarnyaa jangan sungkan ceritaa ke aku kalo udah berarti that s great sayangku semoga lolos sbmptn,positif
halo guys aku ada zoom bahas mtkipa simakui a waktu kamis mei jam wib kuota orang meeting id,netral
hehehe jadi inget dulu wktu jadi petugas volunteer buat jagain tes sbmptn sering nemu ada aja cara curang bocah buat nyontek demi lulus ptn yak gaessss ya gitu deh segala cara dihalalkan,negatif
thank u paketnya udah nyampe hasilnya tulisannya jelas recommended banget deh semoga aku bisa lolos sbmptn ka,positif
kalau sekolah di yayasan katolik dongkrak atau perbaikan nilai itu gak bisa jadi kalau lulus sma lanjut berjuang di sbmptn,netral
saaaa juara bikin nangis orang nih alias bikin bawang banget disemangatin ginii thank youu saa emang rasa males ini susah banget asli mana udah h buat saa semoga lolos sbmptn yaa good luck sayangku,negatif
doa aku karena tahun ini aku mau kuliah jadi doanya lolos sbmptn pilihan dan diterima di ptn impian aku anw thankyou buat ganya kak semoga doa kk bisa terkabul juga amiinn,positif
daftar nilai passing grade utbk sbmptn tahun untuk saintek dan soshum per universitas dan jurusan,netral
etdah semua aja sekalian bocorin gue awal diem aja tapi lama bnyk bgt soal yg gue dpt pas utbk pada bocor wkwkwk sumpah gini bgt yaa maba jalur sbmptn,negatif
semoga sbmptn lulus sesuai harapan,positif
lolos sbmptn pilihan pertama,positif
sebelum doa nya mulai terimakasih giveawaynya doaku semoga tahun ini aku lulus sbmptn dan utbk ku besok lancar kalaupun nggak lulus sbm semoga aku bisa lulus sm semoga aku bisa kuliah di jurusan yg aku mau tahun ini bisa ketemu skz scr langsung dan urusannya lancar,netral
semangat kak semoga hasilnya sesuai dengan apa yg kk harapkan semoga bisa lulus sbmptn tahun ini semoga dilancarkan utbknya selalu beruntung dalam hal apapun semoga sehat selalu dilancarkan rezekinya dipermudah urusannya bahagia dan sukses selalu good luck kak,positif
terima aku lewat sbmptn ya,positif
iyaa seel makasihh yaa lagi coba buat ngomong juga goodluck kita semoga lolos sbmptn aamiin,positif
bismillahirrahmanirrahim ya allah hamba siap bgt kok kalo engkau loloskan hamba di utbk sbmptn dan hamba menerimanya dengan ikhlas lillahi ta ala,positif
pingin punya album sn yang ini kak dari jaman who dis sampe skrng blm kesampaian beli udah nabung tapi duit n,netral
cek cek kebijakan biaya kuliahnya ada ptn yg kebiajakan biaya kuliah jalur mandiri disamakan dengan kebijakan jalur snmptn amp sbmptn tapi ada jg yg memberlakukan uang pangkal dan ukt tinggi tanyain ke mahasiswa kakel yg kuliah di kampus yg lo incer ya,netral
lolos sbmptn udh pasti bahagia bgt t,positif
pingin punya album sn yang ini kak dari jaman who dis sampe skrng blm kesampaian beli udah nabung tapi duit nya kepake buat sbmptn dan ujian mandiri,netral
wts want to sell preloved the king sbmptn soshum the king tps utbk drilling utbk soshum k take all only bisa keep event overall good condi tanpa coretan coretan pensil udh diapus,positif
mwehehehehehehe ga masuk jel kemarin nyoba pbub ga lolos seleksi berkas doain gue lolos di sbmptn ya tp di sbm ak ga milih ugm ga sanggup brou,positif
its tolong banget ini mah lolosin gue di sbmptn nama lu udh terkenal bgt di lingkungan hidup gue,positif
gapapa banget sumpah yg pnting aku lolos sbmptn,positif
ofc semoga kita lolos sbmptn yeah aamiin,positif
aku jujur nangis yang bener bener nangis yah pas gagal sbmptn semenjak itu sampai sekarang udah nggak bisa nangis karena belom ada yang bisa ngalahin sakitnya,negatif
bener bangett kalo bukan karena masalah duit gue juga gak bakal gila gilaan kejar sbmptn banyak anak digenjot bukan krn status tpi krn duittttttt ada beasiswa sih tpi buat jurusan yg mau gue tuju kalo beasiswanya gak full tetep mahal banget,netral
omg congrats nder semoga nular juga bulan depan lolos sbmptn undip manajamen,positif
catatan materi latihan soal e book persiapan utbk sbmptn dan kedinasan lengkap saintek soshum tps,netral
oalah diatasku berarti aku lulusan kemarin mbak baru tahun ini nyoba sbmptn btw untuk mbaknya semangat terus ya semoga lolos sbmptn tahun ini,positif
ga juga sih emang karena banyak orang tua yg takut anaknya nunggu setahun lagi sebab ini itu pendaftaran abis pengumuman sbmptn tu mepet banget sama tahun ajaran baru sampe uni swasta gede ampe kecil bikin skema begitu,netral
jangan males belajar dan mulai cari info buat masuk kuliah jangan ngarepin snmptn belajar sbmptn aja jangan boros buat hal yg ngga penting kalo ada uang tabung aja buat daftar ptn nantinya,positif
aaa baik banget semoga sama sama lolos sbmptn dahh yaaa aku tunggu kabar baiknya,positif
list jalur masuk ptn pakai rapoyang ga perlu pakai sertif cekidot,netral
no offense but lolos sbmptn dan jadi maba adm negara ui actually sucks,negatif
jey lolos sbmptn,positif
tryout utbk sbmptn ke bisa dikerjakan tanggal mei berbarengan cara pendaftaran follow id ta,netral
sangat bermanfaat banget buat kita yg ingin belajar atau pun tryout buat persiapan nge,positif
sangat bermanfaat banget buat kita yg ingin belajar atau pun tryout buat persiapan ngehadapin utbk soal nya pun kata temen gue hampir mirip dan sangat berguna dah buat kita para pejuang ptn semoga tahun ini semua bisa lulus dan keterima di ptn yg diinginkan aminn,positif
ya allah gpp aku ga ada ayank gpp banget ayankku masih fiksi yang penting tgl nanti lamaranku diterima sbmptn aamiin,positif
lengkap contoh soal dan jawaban utbk sbmptn tka soshum ekonomi sosiologi geografi sejarah lewat,netral
duli masih jadi jo sm belajar sbmptn pake zenius moga bisa keluar dari badai,positif
yuk yang mau ambis utbk buat tahun ini ataupun tahun depan sabi banget langganan paket dari ruang guru rg pakai kode bisautbk biar dapet potongan gede lebih gede ketimbang diskon di aplikasi gaskeuun ruangguru brainacademy ruang belajar sbmptn,netral
sbmptn pls be nice,positif
assalamualaikum teman alhamdulillah tgl kmrin sy sdh selesai ujian utbk mohon doanya semoga di tgl juni nnti sy dinyatakan lolos sbmptn aamiin mari kita sama mendoakan untuk hasil yang terbaik di tgl juni nnti,positif
aamiin lolos sbmptn uns pil,positif
ayo tgl dapet bacaan selamat anda dinyatakan lolos sbmptn program studi farmasi uinjkt atau nggak untirta program studi keperawatan yuk bisa ltmpt kita ini sodara kan,positif
no offense but keterima sbmptn ilmu kelautan unsoed actually sucks,negatif
gapapa lahh aku yang penting kuliah lewat jalur sbmptn,positif
klo sistem kuliahan tuh misalkan kelas tuh kayak kita udah ada tugas bikin makalah karya tulis ilmiah banyak presentasi dll terus nanti di kelas bakalan ada rbl sama sidangnyaa buat soal ujian tuh guru nya banyak ngambil soal olimpiade sama sbmptn yeah intinya harus,netral
asalnya mau di anter ibu aku katanya pengen nunggu utbk sambil refresing soalnya liat di berita sbmptn di anter ortunya malah ibu aku bilang mau bekel nasi biar ga lapar tapi kka aku bilang jgn ikut mending pasti kesel nungguin alhasil di anterin kka ipar doang pulang,netral
gara gini masuk ptn keburu gabisa lewat jalur sbmptn mau ikut ujian mandiri juga kayanya gimana ga si udah tercoreng gitu namanya,negatif
karena bentar lagi aku utbk aku mau ngadain giveaway saldo dana k masing masing k buat orang syaratnya follo,positif
wkwkw ini nih sebel bgt jujur pampang spanduk selamat keterima ptn dihh malah materi sbmptn tuh kdg ga diajarin di sekolah tau gatau kalau ipa ya tpi gua ips dlu gitu malesin bgt sih emng sekolah unggulan tuh bullshit itu semua hasil mati an di tempat les smpe gumoh,negatif
prize alr received thank youu buat ka amp sponsorr atas giveaway nyaa thank youu juga buat etmin yang uda,netral
ok mau review utbk sbmptn hari terakhir gelombang senin mei sesi,netral
lolos sbmptn,positif
betul aku keterima utbk sbmptn aamiin eheheheh,positif
aamiin semoga kita lolos sbmptn entah pil atau,positif
ya allah semoga hamba lolos sbmptn pil,positif
pengin aku lolos utbk sbmptn di undip jurusan farmasi pls temen bantuin doa yaachh,netral
lulus sbmptn amiin,positif
semoga lolos sbmptn aminn,positif
daftarnya dikasih rentang waktu kok nanti pas menjelang pendaftaran snmptn sbmptn lumayan ribet karena ada berkas berkas yang harus diurus tapi itu effortnya sihh daftar ulang kuliah juga ada berkas yang harus diurus kok d,negatif
tahun masa perjuangan ngejar kampus dan jurusan impian fakultas kedokteran universitas indonesia rasa rasanya se,netral
gw gpp kokk lolos sbmptn aja gw senenggnya bukan mainn dan bakal seriuss bljr di kuliah nanti lagi pula pil jugaa yg gw mau bgt jugaa,netral
kuota jalur masuk ui kuota s reguler dari jalur simak sebanyak lebih banyak dibandingkan jalur snmptn atau sbmptn so buat pejuang jaket kuning mungkin lo mesti pertimbangin buat ikutan simak ui juga,netral
prize alr received thank youu buat ka amp sponsorr atas giveaway nyaa thank youu juga buat etmin yang uda trf prize nya ke akuu semoga sponsor lulus sbmptn yaa have a great dayy kaliaann,netral
lolos utbk sbmptn pilihan,positif
aku sbmptn tahun jujur kd belajar karena masih fresh materi un yg aku ambis banar alhamdulillah lulus,positif
buhan km yg sbmptn dulu pada belajar apa kd lulus apa kd wal,netral
ini permen buat aku belajar sbmptn,netral
gapapa bgt yaallah yg penting lolos sbmptn ini mah,positif
akuu gapapa banget soalnya bener utbk bisa dibilang harapan terakhir selain kedinasan aku hanya pengen lolos sbmptn,positif
snmptn sbmptn pssb simak ui,netral
angkatan yang mau ambis mulai dari skrng bisa banget ambil live class pahamify mumpung lagi ada combo diskon cuma sampai juni ayok langganan jangan sampai ketinggalan promonya mipi mipy pahamify phmfy mify soshum saintek sbmptn snmptn,netral
itb tolong restui aku dalam menjadikanmu pelabuhan terakhirku dalam perjuangan sbmptn ini demi apapun gua ga rela gapyear,positif
aamiin semoga ya nder aku juga doain adek aku yg lagi berusaha di sbmptn,positif
semoga hari pengumuman hasil sbmptn jg menyenangkan,positif
